name,email,phone,age,date_of_birth,national_id,salary,credit_card,bank_account,passport_number,medical_condition,blood_type,eye_color,favorite_color,address,postal_code,city,country
Lucas Iyer,lucasi@protonmail.com,+49 869-940-8326,55,1971-02-25,61513086157,272150,3725 1393 1200 6941,IT91-9085-58160817,B66669982,Type 2 Diabetes,O+,Brown,Pink,1310 Main Lane,75671,Berlin,Germany
Klaus Jackson,klaus_jackson@icloud.com,+44 519-701-3183,47,1979-07-19,JS 79 70 66 P,298623,5944 3417 5063 4496,FR19-4068-47444669,M66110296,None,O+,Brown,Purple,1730 High Street,EH87 1AT,Birmingham,United Kingdom
Mary Traore,mary.traore@fastmail.com,+44 284-106-7233,33,1993-10-28,GG 85 69 52 E,214432,4391 0061 6623 2768,FR19-3620-65864760,C66046315,GERD,AB+,Brown,Gold,7116 Nelson Court,EC4 3AA,Leeds,United Kingdom
Sara Mueller,smueller@yahoo.com,+44 457-581-9175,56,1970-09-27,AK 63 29 90 S,101221,6011 1779 7471 4667,US88-9989-57484010,K77640374,None,AB+,Green,Yellow,2419 Station Drive,DA37 6BD,Cardiff,United Kingdom
Xiu Lebedev,xlebedev@protonmail.com,+52 896-298-4548,22,2004-09-15,945.421.351-53,421692,6011 2041 8010 4658,US18-8053-91238099,M30442519,Seasonal Allergies,O+,Hazel,Yellow,9335 Lincoln Boulevard,25302,Cancun,Mexico
Amelia Xu,axu@zoho.com,+33 281-539-4662,48,1978-01-21,61440003838,36026,6011 1430 6289 5086,FR49-3038-35857837,F68247639,Anxiety Disorder,O+,Brown,Pink,2232 Cambridge Circle,12704,Lyon,France
Mary Morozov,mary.morozov21@zoho.com,+1 461-983-3466,30,1996-11-03,862-97-2977,278894,3797 8834 2513 1325,ES92-8080-23043071,H88200044,GERD,A+,Hazel,Orange,7502 Albert Place,70706,New York,United States
Min Durand,min_durand@gmail.com,+1 735-155-2637,61,1965-09-01,713-33-1120,432129,5570 5315 1112 5338,US14-1107-81775036,U24379914,None,O+,Brown,Black,3895 Main Lane,34861,New York,United States
Patricia Martinez,pmartinez@yahoo.com,+91 337-817-1959,61,1965-02-13,4647 4668 2515,295036,6011 3292 7422 4692,US82-9314-99440728,C29648362,None,A+,Hazel,Purple,444 Lincoln Road,76980,Mumbai,India
Liam Okonkwo,liam_okonkwo@icloud.com,+55 206-543-2703,38,1988-04-05,531.680.800-47,36941,5556 4534 9293 7101,IT67-3787-96176377,J16021609,None,O+,Brown,Yellow,6460 George Court,44567,Porto Alegre,Brazil
Valentina Khalil,valentina_khalil@tutanota.com,+44 856-149-2316,57,1969-11-10,YT 63 75 78 J,348489,3735 8155 8466 3796,GB19-8935-35592632,Y70456339,None,O+,Brown,Navy,620 Cedar Court,HG68 9BN,Leeds,United Kingdom
Vikram Haddad,vikram_haddad@hotmail.com,+234 352-797-3382,41,1985-06-02,V91841130,222378,6011 3121 4620 3678,JP39-5808-14680604,T35484664,Depression,A+,Brown,Teal,4278 Nelson Way,66268,Abuja,Nigeria
Omar Anderson,omar.anderson93@hotmail.com,+86 306-308-9311,34,1992-11-24,R53406218,213747,6011 0460 4713 6939,CA30-1617-47126777,D94528076,None,O+,Brown,Maroon,976 Cambridge Road,30103,Nanjing,China
Noah Garcia,noah.garcia93@icloud.com,+86 744-282-4887,57,1969-10-11,L10772041,129377,3711 9496 8524 8657,IT23-8958-54721127,U18973059,None,O+,Brown,Gray,3346 Nelson Way,84860,Shanghai,China
Nikolai Schneider,nikolai_schneider@icloud.com,+55 284-424-1052,41,1985-04-13,354.681.147-57,369881,4418 6980 3310 9161,JP52-2167-62872761,O90409503,Iron Deficiency,O-,Blue,Yellow,7055 Church Street,88009,Salvador,Brazil
Ana Souza,ana.souza32@mail.com,+34 336-258-2568,65,1961-12-12,51602346284,284009,5662 9606 0313 5773,FR74-6975-23470268,Y42292754,GERD,A+,Brown,Purple,9575 Mill Street,88948,Valencia,Spain
Hans Robert,hans_robert@mail.com,+44 559-690-6000,40,1986-11-07,TN 90 80 39 P,229734,4185 3686 5987 6226,FR44-7694-29131713,F34930339,Asthma,A-,Brown,Purple,6466 Cambridge Circle,HG24 4BG,Bristol,United Kingdom
Maria Garcia,mgarcia@yahoo.com,+44 899-269-6759,22,2004-04-18,CB 26 19 87 E,291901,5069 0194 7270 1284,JP45-6195-32622547,J16235509,None,O+,Brown,Navy,5796 Forest Road,BR47 4AN,Cardiff,United Kingdom
Yusuf Zhou,yusuf.zhou@hotmail.com,+46 469-352-7047,42,1984-06-24,70395159456,360302,4079 7351 8413 6827,AU42-5656-26955831,M24437466,Asthma,O+,Brown,Teal,9055 Pine Lane,73393,Linkoping,Sweden
Huda Ito,huda_ito@outlook.com,+33 957-298-1696,42,1984-09-16,86296483983,176528,4882 1215 8375 9084,DE31-2969-59916484,P93022241,Asthma,O+,Green,White,8913 Lake Road,62974,Strasbourg,France
Barbara Ivanov,bivanov@outlook.com,+39 870-175-8499,49,1977-08-13,59832614214,421896,6011 1964 4815 3960,JP20-1830-91386278,C70890188,Asthma,A+,Blue,Teal,951 King Court,28745,Venice,Italy
Huda Martinez,huda_martinez@tutanota.com,+27 234-765-5876,28,1998-12-04,Z76630072,138241,4127 6329 8631 7972,JP41-9733-99254234,O64873415,Seasonal Allergies,O+,Brown,Silver,7495 Lake Way,78277,Nelspruit,South Africa
Ryu Zhang,ryuz@hotmail.com,+86 239-677-7199,61,1965-09-04,J59756516,321488,6011 6906 0291 3441,IT69-2380-41528253,N22564735,Hypothyroidism,O+,Brown,Maroon,418 Lake Avenue,15690,Chengdu,China
Ava Ito,ava.ito57@fastmail.com,+34 666-736-7918,62,1964-11-11,22770087106,191142,5354 2376 5934 8257,CA19-1563-65469630,A90216035,Anxiety Disorder,B+,Blue,Orange,8470 Maple Court,49490,Barcelona,Spain
Carlos Ito,carlos_ito@hotmail.com,+61 553-670-1252,63,1963-03-28,K52535805,99265,5647 7544 2094 7793,FR84-9102-66449580,W93096446,Hypertension,O+,Brown,Navy,2970 Nelson Court,51120,Sydney,Australia
Barbara Xu,barbara.xu85@mail.com,+82 432-166-6735,23,2003-02-02,W51757012,298438,4062 3767 0671 4495,DE43-9853-95886925,H17319119,None,B+,Blue,Maroon,3995 Mill Street,79937,Incheon,South Korea
Miguel Meyer,miguel.meyer64@tutanota.com,+49 925-863-1114,20,2006-02-05,71908934819,247806,6011 6532 2129 8566,JP42-6778-23420186,I96802886,Seasonal Allergies,A+,Hazel,Gold,1745 King Street,77074,Cologne,Germany
Dmitri Ivanov,dmitri.ivanov@icloud.com,+44 126-562-4277,65,1961-11-09,SW 15 82 67 R,415885,6011 5723 7741 8626,AU46-5063-58938991,O75616057,GERD,A+,Brown,Maroon,6061 Queen Court,EH49 7AB,Leeds,United Kingdom
Li Pham,li.pham@gmail.com,+1 378-170-7231,63,1963-06-16,904-46-6109,368338,4985 8297 7795 5695,US67-9459-99000323,C28297286,None,A+,Brown,Teal,405 Station Place,25734,Vancouver,Canada
Ingrid Zhang,ingrid_zhang@yahoo.com,+34 740-792-8698,20,2006-12-21,24438313206,311227,4784 0334 0648 0618,US91-3380-58437344,E47113787,Seasonal Allergies,A+,Brown,Teal,9214 Cedar Avenue,72256,Alicante,Spain
Yan Verma,yan.verma@icloud.com,+44 128-787-2165,19,2007-10-03,NX 10 32 76 B,363820,3790 8320 6575 7266,AU84-7975-50794999,E95129475,Asthma,O-,Brown,Maroon,9792 Windsor Street,AB8 4AH,Edinburgh,United Kingdom
Camille Jones,camillej@protonmail.com,+27 588-307-1097,47,1979-11-28,Q44244407,291067,6011 3037 2545 2754,GB38-1514-81864806,R19181561,Iron Deficiency,A+,Brown,Orange,9918 Wellington Drive,35284,East London,South Africa
Klaus Taylor,klaust@tutanota.com,+49 211-220-1713,59,1967-06-09,63217930533,137184,3793 3472 6319 3938,GB16-7781-86647283,V94936888,Depression,A-,Brown,Yellow,3538 King Court,43359,Cologne,Germany
Diego Almeida,dalmeida@fastmail.com,+33 369-990-6846,27,1999-08-11,33428453868,255460,4707 7790 0203 2331,CA91-1736-14234223,J68818340,None,A+,Brown,Maroon,4198 York Avenue,57291,Marseille,France
Lea Pham,lea_pham@gmail.com,+44 250-787-1435,65,1961-05-01,YS 84 70 64 G,310059,4701 3973 9454 7543,US15-4389-77715765,M23308721,Sleep Apnea,O+,Hazel,Black,1223 River Drive,HU73 9AD,Bristol,United Kingdom
Li Schulz,li_schulz@zoho.com,+49 257-668-2301,47,1979-07-02,96724848208,376278,4315 1644 4714 8986,FR83-1965-78214243,C59921178,Arthritis,A+,Brown,Silver,8076 Victoria Lane,20273,Berlin,Germany
Elsa Brown,elsab@zoho.com,+966 778-864-2354,65,1961-01-03,B16634608,44027,4094 4854 4697 2390,GB25-4633-22015008,K65794928,None,O+,Brown,Yellow,297 Park Place,86488,Jeddah,Saudi Arabia
Jennifer Watanabe,jennifer.watanabe73@tutanota.com,+39 241-638-2579,57,1969-11-08,28193250503,303842,4896 2768 3500 8427,GB31-2082-21731473,Z89862677,None,O+,Green,Orange,1042 Mill Lane,92127,Bologna,Italy
Amira Liu,amira.liu80@tutanota.com,+86 361-896-9932,55,1971-03-25,X54992858,349828,5824 6132 6659 8132,IT40-6530-81653214,Y88734365,Seasonal Allergies,B+,Hazel,White,4537 Market Way,20238,Xian,China
Raj Chen,raj.chen@yahoo.com,+1 693-101-4571,40,1986-03-06,573-86-2333,364613,5858 8758 4254 7721,IT20-4396-19458310,S63723904,None,AB+,Gray,Gold,741 Elm Boulevard,53871,Seattle,United States
Sunita Popov,sunita.popov93@gmail.com,+81 129-562-1856,29,1997-10-01,8260-6443-1410,428811,6011 5648 1566 9159,AU39-9967-86315648,K18174204,None,O+,Brown,Gray,640 Wellington Place,901-3095,Nagoya,Japan
Amira Smirnov,asmirnov@mail.com,+81 470-112-3400,43,1983-05-21,7946-4006-4330,446211,5793 8353 4492 2716,NL99-1944-39951520,N26306742,Iron Deficiency,O+,Brown,Silver,3239 Cambridge Way,564-1919,Fukuoka,Japan
Jing Becker,jbecker@yahoo.com,+966 578-468-4186,40,1986-01-06,L58498432,416223,6011 7327 9953 6881,AU17-4646-96852259,B76984172,Anxiety Disorder,A+,Brown,Green,7474 Cedar Way,18225,Khamis Mushait,Saudi Arabia
Natasha Ito,natashai@hotmail.com,+86 628-656-4944,41,1985-01-06,P49378220,159069,6011 8965 5115 5700,GB95-7485-18348587,Z19905460,Asthma,O-,Brown,Silver,9946 Maple Road,19310,Guangzhou,China
Arjun Hayashi,arjun.hayashi96@outlook.com,+86 950-784-4790,64,1962-03-28,P61078645,223541,3719 0562 3237 7725,JP96-5530-62802631,H52823044,None,O+,Brown,Maroon,8017 Pine Road,87546,Chengdu,China
Boris Al-Rashid,balrashid@hotmail.com,+49 714-186-7087,62,1964-10-25,63669765930,76030,3786 7538 9034 4934,ES53-3613-77857555,F18801732,None,A+,Blue,Blue,7368 Cedar Way,84419,Hamburg,Germany
Jing Anderson,jing.anderson93@outlook.com,+27 617-943-6308,30,1996-08-16,Z41049584,382854,6011 4353 7968 0752,NL76-7086-94189270,X66791944,Arthritis,O+,Brown,White,6180 Main Way,38963,East London,South Africa
Sara Suzuki,ssuzuki@gmail.com,+61 950-616-9773,25,2001-07-26,W73069014,318801,4233 5553 9441 1149,FR50-7562-73940346,V22688704,None,A+,Blue,Black,230 William Drive,32076,Perth,Australia
Yuki Wagner,yuki_wagner@icloud.com,+52 849-557-3782,59,1967-10-19,287.774.621-99,334062,6011 9058 0235 0312,DE84-5581-59079486,D94026326,Arthritis,AB+,Brown,Gray,4482 Forest Boulevard,60587,Monterrey,Mexico
Layla Moore,layla.moore86@icloud.com,+7 666-774-1943,61,1965-04-14,I26583680,242496,5223 2328 2927 3001,ES11-5098-91256033,K69801599,Asthma,A+,Blue,Navy,1405 Elm Circle,22208,Chelyabinsk,Russia
Noah Nasser,nnasser@tutanota.com,+234 654-165-2460,61,1965-01-19,M41484892,356467,5148 4144 0266 1857,ES27-4650-97796696,Z82554202,Iron Deficiency,B-,Brown,Gray,4153 Elm Boulevard,28178,Kaduna,Nigeria
Pierre Tran,pierre_tran@zoho.com,+1 123-522-3641,62,1964-09-16,358-58-8898,191215,6011 7266 3489 1574,DE36-7904-27562280,J83045583,Depression,O+,Blue,Green,5510 Oak Court,31618,Houston,United States
Luis Xu,luis_xu@mail.com,+39 410-850-6158,41,1985-07-13,68441200750,103302,4028 3621 1590 3522,US79-4383-53833023,A33094954,High Cholesterol,AB+,Brown,Pink,4904 Maple Circle,92360,Genoa,Italy
Min Pham,min.pham59@outlook.com,+27 661-793-2156,53,1973-09-09,S32604407,106546,6011 7318 0065 8358,NL94-7711-57720113,V22002238,Depression,O+,Brown,Gray,9697 High Court,50313,Kimberley,South Africa
Olga Williams,olgaw@protonmail.com,+34 393-139-8829,64,1962-08-25,54526607274,61690,4938 8900 0063 8525,FR43-1867-69051568,J88752022,None,O+,Hazel,Green,9806 Cambridge Boulevard,78289,Granada,Spain
Sarah Silva,sarah.silva14@outlook.com,+91 577-681-5741,31,1995-06-14,1852 8983 1820,33551,6011 8103 8793 4553,NL16-6801-43454458,D90046217,Depression,B+,Brown,Gray,4367 Victoria Place,56925,Hyderabad,India
Min Hoffmann,min_hoffmann@yahoo.com,+1 655-523-2672,18,2008-06-23,732-57-9152,386222,6011 4873 6767 1507,NL10-1634-42780049,C27044830,High Cholesterol,O+,Blue,Orange,8343 Maple Avenue,12495,Ottawa,Canada
Jennifer Abubakar,jennifer.abubakar97@outlook.com,+34 820-216-7202,65,1961-06-13,56372901908,244916,5078 4681 4612 0638,ES11-1155-33462645,V85623224,Hypertension,A+,Brown,Purple,6788 Queen Court,56185,Granada,Spain
Charles Ivanov,charles.ivanov@zoho.com,+52 421-684-3529,34,1992-07-06,488.679.658-16,198410,6011 5909 5074 3229,AU86-2718-41767529,Y64146849,Sleep Apnea,A+,Green,Red,9724 George Way,47178,Merida,Mexico
Lucas Dubois,lucas_dubois@hotmail.com,+81 751-352-7473,22,2004-03-08,2320-4723-7051,22678,5622 9958 7327 9263,CA82-7615-76601977,M58646097,None,A+,Brown,Red,6814 Main Street,101-1567,Sendai,Japan
Priya Lima,priya_lima@yahoo.com,+86 537-961-2946,28,1998-01-14,H44853517,328036,3779 0469 2149 1357,US22-6095-49984083,T67032297,None,O+,Blue,Yellow,1243 Wellington Place,56586,Chengdu,China
Oliver Bakhtiari,obakhtiari@hotmail.com,+33 559-344-8610,53,1973-11-03,26477031354,346340,4655 5078 1717 6407,IT38-9172-20925846,L97448000,Eczema,A+,Blue,Maroon,6361 Wellington Lane,27232,Strasbourg,France
Rashid Silva,rashids@protonmail.com,+39 557-638-8346,25,2001-02-22,67811688270,410666,5799 8717 9044 4478,ES49-9344-93321244,A70087279,None,O+,Brown,Teal,4146 Market Boulevard,60668,Genoa,Italy
Alexei Khalil,alexei_khalil@icloud.com,+91 699-775-9634,57,1969-04-28,6501 6774 6034,223036,6011 7123 7600 4904,DE20-8924-52543488,Q37598692,Type 2 Diabetes,O+,Brown,Gray,4938 Nelson Road,30287,Kolkata,India
Ryu Lewis,ryul@outlook.com,+1 812-440-7764,20,2006-05-28,535-81-6150,208875,6011 7673 2873 8634,DE38-3480-77955483,P59174288,High Cholesterol,O+,Brown,Blue,398 George Circle,20468,Los Angeles,United States
Elsa Diallo,elsa_diallo@icloud.com,+46 921-523-6269,30,1996-11-26,70541953258,277949,3794 5226 3743 1695,NL62-1869-55113687,Z62884108,None,O-,Brown,Purple,5271 River Street,39559,Norrkoping,Sweden
Olga Wang,olga_wang@icloud.com,+1 524-907-7189,61,1965-06-08,339-23-8273,60942,4785 2263 9615 8566,FR87-5369-96225002,X61640535,Seasonal Allergies,O+,Blue,Purple,2427 Elm Street,84249,San Antonio,United States
Li Suzuki,lsuzuki@yahoo.com,+1 103-216-3524,28,1998-03-27,733-79-4210,46889,4278 0885 9394 5390,IT51-5290-72885597,X77073003,None,A+,Hazel,Navy,9079 York Circle,21163,San Diego,United States
Yusuf Smith,yusufs@fastmail.com,+44 788-297-7821,54,1972-09-26,ZJ 46 37 20 S,412291,3720 0544 9215 4463,AU65-8105-73175074,D96101944,Hypertension,O+,Brown,Yellow,3311 High Way,DH74 7BG,Sheffield,United Kingdom
Diego Karimi,diego.karimi75@mail.com,+966 627-900-2957,35,1991-07-20,C90513847,149540,5076 2014 9936 6809,FR15-6221-44907750,M17819482,Migraine,O+,Brown,Purple,1799 Forest Boulevard,57306,Dammam,Saudi Arabia
Olga Williams,olga.williams68@tutanota.com,+39 777-691-1690,30,1996-06-19,78971565478,282038,5888 0585 8186 4665,ES62-2072-68537223,E29640803,Hypertension,AB-,Brown,Navy,8669 Cambridge Avenue,69792,Verona,Italy
Heidi Pham,hpham@hotmail.com,+44 425-963-3132,33,1993-03-06,PT 17 45 31 W,443171,3746 6703 8154 1215,JP10-7944-39216996,D35396459,Iron Deficiency,O-,Blue,Teal,1801 Church Way,BN51 8AE,Birmingham,United Kingdom
Hassan Ito,hassani@icloud.com,+33 540-914-6378,57,1969-06-09,60879410714,390044,4160 9292 7385 0215,JP24-2379-13077112,J67571395,Seasonal Allergies,O+,Hazel,White,9468 Station Boulevard,69270,Bordeaux,France
Ibrahim Nguyen,inguyen@hotmail.com,+27 939-815-7955,42,1984-02-19,K76762691,383958,3786 5616 9281 8618,ES25-6563-40675547,F57470822,Asthma,O+,Blue,Black,982 Mill Court,61425,Kimberley,South Africa
Harper Garcia,harper.garcia9@yahoo.com,+86 672-146-2623,25,2001-12-13,J98549275,325460,4117 8553 7521 4153,AU88-6064-56915114,Q41842680,High Cholesterol,O-,Green,Green,7337 York Boulevard,50967,Xian,China
Klaus Taylor,klaus.taylor15@fastmail.com,+86 210-985-6778,64,1962-01-06,Z79394616,386921,4959 3633 8352 5090,US36-6573-70402808,Q46168533,Anxiety Disorder,A+,Brown,Red,2053 George Lane,16685,Chengdu,China
Mei Nair,mei_nair@zoho.com,+49 304-910-5120,63,1963-11-02,53407778191,190654,6011 8202 5222 0260,GB48-8252-85136132,B11339254,Arthritis,O+,Brown,Blue,8048 Elm Way,83749,Frankfurt,Germany
Noah Sato,nsato@zoho.com,+52 233-479-8233,57,1969-02-27,793.918.693-16,98670,5300 0144 3281 5496,CA41-5673-67453464,B69713612,None,O+,Brown,Blue,9790 Churchill Lane,44946,Tijuana,Mexico
Yuna Taylor,yunat@hotmail.com,+966 402-459-5023,57,1969-06-14,U65509678,181098,4641 7820 5286 9089,DE75-8933-66096509,C98412880,Type 2 Diabetes,A-,Blue,Teal,6208 Elm Street,15525,Khobar,Saudi Arabia
Lea Traore,lea_traore@yahoo.com,+234 883-434-3371,62,1964-05-10,U42931999,227710,4181 0423 1145 7674,NL47-6138-83290786,F34352335,Eczema,O+,Brown,Green,6030 Bridge Place,45872,Enugu,Nigeria
Greta Rodriguez,grodriguez@gmail.com,+91 667-305-1695,36,1990-09-24,8476 3160 4484,284177,3740 2244 6694 2578,NL82-5101-90720782,E78410090,None,A+,Gray,Teal,5156 Lake Road,14218,Mumbai,India
Mia Wang,mia_wang@mail.com,+33 647-769-1440,55,1971-10-09,68553190147,406442,6011 4601 1072 5619,GB72-8671-61646165,L82795845,Sleep Apnea,O+,Brown,Black,8764 Wellington Court,96112,Lyon,France
Mary Liu,mary_liu@protonmail.com,+55 842-288-8124,65,1961-09-10,544.966.136-69,137683,6011 0352 8526 7301,ES74-6946-41316065,N40108886,Hypertension,O+,Brown,Red,8623 Cambridge Road,68404,Manaus,Brazil
Min Haddad,mhaddad@icloud.com,+39 992-792-4102,24,2002-06-20,39400836539,70580,6011 3454 5159 4783,GB19-3844-95728688,Y50687318,Eczema,A+,Gray,Pink,7773 Bridge Way,71800,Milan,Italy
Diego Patel,diego_patel@gmail.com,+52 713-392-4812,54,1972-01-21,520.391.106-34,313880,3720 9559 9204 9920,US18-4801-47884176,R79665445,Anxiety Disorder,O+,Hazel,Gold,3243 Forest Street,69776,Leon,Mexico
Fritz Fischer,fritz_fischer@protonmail.com,+7 158-422-3535,29,1997-08-21,V35492494,152001,6011 5395 7005 8458,NL83-8726-85743604,S23427670,None,O+,Blue,Gold,3213 Churchill Place,57240,Samara,Russia
Amira Mensah,amira_mensah@icloud.com,+55 638-419-3824,18,2008-06-02,124.882.464-63,348952,6011 6824 0298 3461,CA47-4924-55004496,L40413258,Hypertension,B+,Hazel,Green,4337 Oak Way,64586,Salvador,Brazil
Hugo Rodriguez,hrodriguez@protonmail.com,+44 593-639-9797,60,1966-09-26,GR 47 98 64 Y,382978,6011 6125 8012 2861,DE64-7460-69180356,B14733862,None,AB-,Brown,White,4076 Victoria Street,HP32 2BA,Birmingham,United Kingdom
Elizabeth Verma,everma@tutanota.com,+1 932-200-7124,24,2002-04-18,187-26-6477,144698,3711 3375 8751 8786,US57-3603-43091130,L85074418,None,A+,Blue,Red,8618 Church Road,12663,Winnipeg,Canada
Richard Kuznetsov,richard.kuznetsov50@outlook.com,+27 641-575-7858,32,1994-04-23,W38850257,167595,3736 7704 5727 1688,FR67-1822-24609872,Y98376257,GERD,A+,Brown,Purple,9218 Elm Lane,44935,Nelspruit,South Africa
Harper Sokolov,harper_sokolov@protonmail.com,+44 953-503-9889,20,2006-09-13,ST 20 44 65 T,132632,3795 2114 2332 9774,AU45-4867-84948990,X19788154,Asthma,A-,Brown,Navy,5454 Market Avenue,HS44 1AS,Leeds,United Kingdom
Noah Taylor,ntaylor@protonmail.com,+7 238-536-3365,22,2004-03-04,X45650312,96520,5734 2177 6154 7392,ES99-5734-28475837,S83551171,Hypothyroidism,A-,Hazel,Blue,3908 Churchill Avenue,37098,Saint Petersburg,Russia
Kenji Nasser,kenji.nasser23@protonmail.com,+27 377-400-6003,50,1976-08-12,T41658429,411836,4588 1679 4215 2784,GB70-1887-79958325,E71918635,None,B-,Blue,Black,8036 Victoria Lane,54225,Port Elizabeth,South Africa
Mohammed Bernard,mbernard@icloud.com,+234 970-765-4718,41,1985-03-08,Z56979443,221114,6011 2323 5185 6614,GB28-6704-13028269,F92852321,Depression,A+,Brown,Maroon,7827 Oxford Place,43158,Warri,Nigeria
Camille Santos,csantos@yahoo.com,+49 211-343-7665,41,1985-10-21,74205958829,290839,4102 9343 9797 8700,JP40-2929-82764862,D57560581,Type 2 Diabetes,O+,Green,Yellow,1706 Forest Place,31372,Leipzig,Germany
Hassan Walker,hassan.walker40@icloud.com,+86 100-345-6166,57,1969-01-22,F84014058,180112,6011 2680 4341 3087,ES98-5583-62456558,O88142321,None,O-,Brown,Teal,9031 Cambridge Way,21988,Beijing,China
Chen Singh,chen.singh82@hotmail.com,+34 157-935-6243,34,1992-12-21,51349144244,176666,5065 4223 2331 5625,AU86-1664-77615784,N40116326,Iron Deficiency,O+,Green,Silver,4499 Church Drive,43670,Madrid,Spain
Klaus Taylor,klaust@icloud.com,+52 413-518-1653,41,1985-02-23,110.558.790-42,221948,5136 0581 5274 6997,ES21-7740-19693073,Q37492887,Asthma,O+,Brown,Yellow,8574 Churchill Boulevard,75167,Juarez,Mexico
Lei Leroy,lei_leroy@zoho.com,+27 374-413-6180,62,1964-09-10,Z69538392,158222,6011 7978 0201 7380,FR75-1387-30557913,V59079842,None,O+,Blue,Red,5306 Oxford Way,22863,Port Elizabeth,South Africa
Jing Petit,jing_petit@icloud.com,+49 139-251-6680,39,1987-02-26,10671723650,441281,3731 7091 7074 1168,CA69-5054-17128939,H71642038,None,O+,Hazel,White,4892 Elm Street,14112,Dusseldorf,Germany
Richard Suzuki,richards@protonmail.com,+49 915-359-5832,62,1964-06-26,41688817809,304619,5868 7826 0832 2527,AU52-8832-47479438,L32190954,Seasonal Allergies,A+,Blue,Red,8993 Wellington Court,98912,Dusseldorf,Germany
Jing Fischer,jingf@icloud.com,+1 527-829-8425,22,2004-02-18,765-55-5605,207539,5134 3015 0816 5952,ES32-6644-83438829,H46779143,Migraine,A-,Brown,White,4345 Station Road,24148,Halifax,Canada
Sota Kimura,sotak@zoho.com,+46 549-506-4571,18,2008-06-03,23456130557,126544,5232 8328 5541 9967,AU66-6572-15590624,J80090698,Anxiety Disorder,A-,Brown,Gray,3262 Elm Drive,39562,Norrkoping,Sweden
Fritz Souza,fritz.souza@mail.com,+33 959-788-1093,19,2007-09-03,24519335569,226607,5860 2918 9288 5406,GB75-6928-24041701,R24650615,High Cholesterol,A+,Brown,Pink,3552 King Way,34768,Lyon,France
Otto Kuznetsov,otto.kuznetsov@protonmail.com,+52 187-610-9288,29,1997-04-07,855.889.374-20,103392,6011 9674 2371 0227,NL83-3978-87594553,C79397253,Hypothyroidism,B-,Brown,Navy,8333 Forest Boulevard,76471,Juarez,Mexico
Greta Gupta,greta_gupta@zoho.com,+39 781-725-6034,56,1970-03-24,70722729231,58990,3740 9707 6911 7211,CA99-2017-82760520,V92018004,None,O+,Gray,Green,6042 Albert Circle,54327,Rome,Italy
Akiko Costa,akikoc@gmail.com,+1 202-879-2969,58,1968-10-14,724-25-8427,151788,5953 0620 8128 4219,ES63-1466-57828176,J83635933,Iron Deficiency,A+,Hazel,Navy,4592 Cambridge Boulevard,63092,Dallas,United States
Deepa Hoffmann,deepah@hotmail.com,+52 404-891-5271,25,2001-04-06,747.227.512-45,376461,3756 7752 4984 6052,CA77-4894-15706182,V70947754,High Cholesterol,A+,Brown,Yellow,5864 Wellington Court,87025,Cancun,Mexico
Alexei Huang,alexei_huang@outlook.com,+966 476-770-2308,36,1990-05-15,X38169544,400355,4667 3225 3322 8473,AU76-8180-20269570,L61357596,Depression,A+,Brown,Teal,6613 Station Road,53083,Khobar,Saudi Arabia
Huda Souza,huda_souza@protonmail.com,+82 260-842-1975,40,1986-04-05,S44554781,73509,5849 8929 1235 1686,AU99-8912-60736838,F39297265,None,O+,Blue,Yellow,8437 Albert Lane,87030,Gwangju,South Korea
Isabella Meyer,isabellam@fastmail.com,+31 670-527-5008,30,1996-02-19,81563774766,237233,3795 6024 7027 2561,NL79-7079-36109149,N93675304,None,O+,Brown,Silver,9376 William Avenue,29066,Nijmegen,Netherlands
Richard Souza,richard.souza@protonmail.com,+27 947-307-7448,27,1999-05-26,X10810635,185991,4200 3566 0192 0822,JP87-1369-51799520,M51137138,None,O+,Blue,Navy,8246 Oak Street,49955,Kimberley,South Africa
Jing Sharma,jing.sharma59@zoho.com,+27 742-414-6767,58,1968-10-06,P63441881,128751,5312 0114 0096 9840,JP30-4901-10291406,P50629242,Anxiety Disorder,A+,Brown,Teal,6497 Park Way,58827,Durban,South Africa
Barbara Becker,barbara.becker@zoho.com,+46 850-954-4201,52,1974-01-23,50464883581,194748,3783 9713 7974 4214,CA96-2805-14916366,W40060590,Asthma,O-,Brown,White,4972 Lincoln Street,65485,Helsingborg,Sweden
Svetlana White,swhite@hotmail.com,+81 764-876-6386,26,2000-03-04,6412-5019-2044,353263,4586 8385 3325 5282,DE12-4353-48481070,G54746876,Sleep Apnea,O+,Brown,Red,900 Church Avenue,851-7793,Osaka,Japan
Layla Moreau,layla.moreau@zoho.com,+49 147-230-4657,47,1979-03-19,93926071422,28111,6011 3842 2212 2015,JP37-1635-41143304,M10403311,Depression,A+,Gray,Green,2290 Park Boulevard,81951,Berlin,Germany
Antoine Jones,antoine.jones@hotmail.com,+34 806-189-2570,52,1974-09-21,84668650589,327023,6011 3260 8410 1096,DE89-4351-94875451,D99151195,Type 2 Diabetes,O+,Brown,Gold,982 Station Street,33161,Bilbao,Spain
Carlos Nielsen,carlosn@gmail.com,+27 413-336-9724,63,1963-02-25,O24273283,85858,5001 9269 6138 0488,JP96-7157-11158277,T48651812,None,AB+,Brown,Orange,905 Church Way,10624,Durban,South Africa
Li Nasser,li_nasser@fastmail.com,+46 252-221-5769,51,1975-12-09,85537482129,321328,5287 2687 0187 1609,DE64-1554-75797865,K10552092,None,O+,Brown,Gold,1776 William Drive,48469,Norrkoping,Sweden
Liam Gupta,liam.gupta48@protonmail.com,+52 316-671-6646,27,1999-07-23,372.291.621-94,323778,6011 8048 1986 8520,CA36-1338-93287511,J15982848,Asthma,O+,Hazel,Green,3433 Cedar Drive,34237,Queretaro,Mexico
Ivan Moreau,ivan_moreau@zoho.com,+27 851-996-5245,47,1979-06-22,O64821511,287282,5924 5621 8038 0836,IT24-2377-62605757,E61637134,Sleep Apnea,O-,Hazel,Blue,2347 Forest Circle,70377,Bloemfontein,South Africa
Khadija Thomas,khadijat@tutanota.com,+49 512-479-1340,65,1961-02-21,72176491291,312754,4800 8266 9519 9056,JP17-5105-98382499,Z50844649,Arthritis,O+,Blue,Black,8956 High Way,10878,Munich,Germany
Hassan Wagner,hassan_wagner@zoho.com,+1 162-556-2419,46,1980-09-05,571-81-1808,315091,5805 4843 8486 7145,GB11-6730-88432624,I30577167,Asthma,O+,Brown,Orange,5821 King Road,80728,Seattle,United States
Hiroshi Nair,hiroshi.nair57@icloud.com,+1 347-186-6091,34,1992-10-22,108-14-7620,371305,4321 2406 1182 3629,ES23-5187-27652052,E64964254,Sleep Apnea,A-,Brown,Teal,7524 Mill Court,81131,Edmonton,Canada
Ingrid Petrov,ingrid_petrov@outlook.com,+27 114-986-1951,32,1994-04-21,F98566022,344968,6011 2367 0976 7173,FR98-3830-64389941,Y35747961,Anxiety Disorder,A+,Green,Navy,325 York Boulevard,98425,Kimberley,South Africa
Yuki Costa,yuki_costa@tutanota.com,+966 844-649-9137,49,1977-06-26,R70174729,405620,4176 1790 5524 4270,US17-7478-31318169,F81866205,Hypothyroidism,O+,Blue,White,9354 Victoria Street,31870,Tabuk,Saudi Arabia
Robert Williams,robert_williams@yahoo.com,+61 968-427-9060,57,1969-07-26,P25639185,388802,4756 4628 9032 1907,NL14-1816-65715043,F90630159,High Cholesterol,O+,Brown,Purple,6981 Wellington Place,23030,Hobart,Australia
Vikram Weber,vikram.weber69@zoho.com,+34 604-361-5430,65,1961-10-07,95211589810,245634,5437 7205 5172 4258,JP71-5203-42690117,W27778050,Anxiety Disorder,A+,Hazel,Navy,9706 Oak Court,21156,Madrid,Spain
Carlos Sato,csato@yahoo.com,+1 553-938-8256,19,2007-12-18,820-70-1236,69744,3722 9042 0525 1614,GB86-2237-35942461,R94646830,None,O-,Brown,White,5207 Wellington Road,70547,Edmonton,Canada
Vikram Li,vli@icloud.com,+55 913-837-7869,43,1983-06-23,489.175.836-97,308030,5067 9839 2312 6873,GB48-2982-34737460,S49607298,Hypertension,AB+,Brown,Gold,6745 Pine Avenue,96883,Recife,Brazil
Sota Petrov,sota_petrov@icloud.com,+1 351-977-2847,38,1988-04-01,677-16-1214,124522,5785 8502 2550 5086,AU41-5237-24088860,C72825669,None,O-,Brown,White,6683 Cambridge Circle,65763,Los Angeles,United States
Ava Ivanov,ava.ivanov36@protonmail.com,+27 846-363-4230,25,2001-03-28,X33006901,245963,6011 4646 1613 5040,CA24-3672-89995171,D69031848,Hypertension,B+,Brown,Purple,6697 Lake Lane,11803,Port Elizabeth,South Africa
Oliver Martin,oliverm@gmail.com,+34 726-653-1322,41,1985-09-05,10651115997,431843,3729 4086 0911 5455,DE85-9732-92172099,E43272147,None,B-,Blue,Maroon,5776 Nelson Drive,88803,Valencia,Spain
Sanjay Williams,sanjayw@yahoo.com,+52 867-311-1072,64,1962-11-20,169.619.659-48,241259,6011 0958 5121 8586,US42-1744-30695758,S13965395,None,O+,Green,Orange,9081 Cedar Way,41265,Cancun,Mexico
Amelia Ivanov,amelia.ivanov@hotmail.com,+31 105-366-6440,48,1978-08-26,64781346848,447247,4168 4284 5401 5759,FR21-9119-61928303,D36315078,Sleep Apnea,O+,Hazel,Gold,9860 Pine Circle,90312,Utrecht,Netherlands
Sanjay Zhou,sanjay.zhou@protonmail.com,+61 840-965-6910,64,1962-03-02,L91796202,269056,5767 2685 0175 6791,GB51-4585-79785605,P13601965,Sleep Apnea,A+,Brown,Maroon,3630 William Drive,84301,Sydney,Australia
Sophie Becker,sbecker@fastmail.com,+1 613-722-2997,35,1991-12-16,449-14-3896,400618,3799 5662 2402 5260,ES15-6379-21486245,K43782385,None,A+,Hazel,Green,3041 Windsor Avenue,62252,Calgary,Canada
Jean Schulz,jeans@hotmail.com,+234 619-665-5067,64,1962-03-18,B88270421,420732,5391 8994 2478 3926,FR91-1605-27947821,G65443320,Hypertension,O+,Brown,Yellow,4989 William Place,60946,Benin City,Nigeria
Mia Clark,mia_clark@gmail.com,+46 642-359-5113,29,1997-03-20,49443585631,275656,6011 1320 2921 6512,US63-5996-70394611,O31694323,Seasonal Allergies,O+,Blue,Red,4798 Oak Court,37271,Gothenburg,Sweden
Jing Traore,jing.traore82@zoho.com,+52 592-351-2219,54,1972-08-22,483.337.766-80,301608,5830 6477 0365 7485,IT28-5490-42557287,K75610863,None,O+,Brown,Teal,1490 Park Lane,10209,Merida,Mexico
Amelia Iyer,amelia.iyer28@yahoo.com,+82 932-405-4550,34,1992-04-26,C59870703,176002,6011 4893 7456 5813,NL86-7667-24896322,A47559120,Sleep Apnea,AB+,Brown,Blue,4839 Oak Lane,96356,Busan,South Korea
Khadija Jones,khadija_jones@fastmail.com,+31 378-778-4389,55,1971-07-27,71889544271,317070,4141 3104 7053 5736,JP49-2735-64389245,D36842021,None,A+,Brown,Gray,9329 Oxford Road,28284,Nijmegen,Netherlands
Miguel Abubakar,miguela@outlook.com,+1 550-897-5494,59,1967-04-03,721-18-4069,104139,5269 7560 6862 5465,GB86-1908-12749004,Y69732917,None,B+,Brown,Purple,6299 Wellington Lane,59438,Calgary,Canada
Patricia Garcia,patricia.garcia35@hotmail.com,+49 914-636-8705,53,1973-09-16,57831903542,149614,5421 0156 3552 8626,ES19-6853-34647726,T71802041,None,A+,Brown,Purple,4344 William Place,12245,Dusseldorf,Germany
Fritz Rao,fritz.rao@yahoo.com,+33 639-322-6105,49,1977-03-17,25126688771,259477,5148 0422 9160 0040,DE64-8657-58644783,X69429671,Seasonal Allergies,O+,Brown,Purple,7202 Forest Drive,59483,Paris,France
Svetlana Hoffmann,svetlana_hoffmann@hotmail.com,+27 214-396-9207,23,2003-12-13,Y99949973,161108,5460 0576 9693 7249,JP48-8544-78641464,H97897153,None,O+,Brown,Maroon,2734 William Lane,90226,East London,South Africa
Zainab Moreau,zmoreau@fastmail.com,+31 545-698-1607,63,1963-10-02,16508753256,278161,4363 8325 6905 4115,US64-1488-69190307,C42061644,Type 2 Diabetes,O-,Gray,Navy,1929 Main Street,93536,Amsterdam,Netherlands
Mohammed Yamamoto,myamamoto@mail.com,+39 338-901-7123,59,1967-09-18,52959767873,445895,6011 0304 8204 5997,NL36-3194-39235550,P40838205,Anxiety Disorder,B+,Hazel,Maroon,7588 Main Way,74566,Bologna,Italy
Ibrahim Harris,ibrahim.harris@hotmail.com,+49 986-310-3781,65,1961-01-08,34925159753,79914,3730 4258 4455 0738,DE22-5293-53562210,M88839337,Iron Deficiency,O+,Brown,Red,8170 King Road,98003,Hamburg,Germany
Michael Sato,msato@zoho.com,+1 810-768-2740,61,1965-03-23,837-76-4982,207996,5613 5771 6734 3729,NL78-8301-50294665,N25190071,Asthma,O+,Hazel,Navy,2159 Elm Boulevard,55009,Philadelphia,United States
Li Fischer,li.fischer@mail.com,+234 150-145-8201,32,1994-11-22,N40685988,234997,6011 4272 9893 9194,JP43-8809-17214342,T36311397,Hypertension,A-,Brown,Blue,2770 Cedar Place,22100,Kano,Nigeria
Sota Nasser,snasser@outlook.com,+52 555-831-6874,18,2008-06-07,148.814.197-67,306724,3731 4782 1570 1706,GB44-3140-57490388,V66372000,Arthritis,A+,Brown,Silver,9003 Oxford Way,33313,Monterrey,Mexico
Nikolai Suzuki,nikolai_suzuki@outlook.com,+1 472-975-2356,65,1961-06-26,102-51-6475,251917,3782 6473 1519 9596,FR16-8510-45700756,Q28356954,Hypothyroidism,A+,Blue,Black,5672 Pine Circle,66585,Winnipeg,Canada
Mia Wagner,mia.wagner@icloud.com,+27 246-755-2108,32,1994-04-17,T65716605,317605,6011 5831 6334 1077,FR45-6249-48622606,V63734311,None,A+,Brown,Navy,1928 Maple Place,37574,Johannesburg,South Africa
Layla Tanaka,ltanaka@gmail.com,+61 212-639-9949,53,1973-12-27,D35527649,38768,6011 4791 7208 8899,ES77-8248-53422190,X19151220,None,O+,Green,Black,3478 Bridge Place,59972,Adelaide,Australia
Marie Weber,mariew@icloud.com,+61 870-210-6056,24,2002-07-06,F11995887,286340,5724 3783 3711 5488,CA86-6594-92727179,O71534162,None,O+,Brown,Gray,677 Bridge Circle,17774,Darwin,Australia
Wei Bakhtiari,weib@mail.com,+234 439-149-9861,18,2008-06-07,W75685809,368484,5812 0794 4661 2649,US68-1781-71593756,Q62100911,None,A-,Brown,Silver,3437 River Court,40354,Port Harcourt,Nigeria
Ava Taylor,ava.taylor@mail.com,+81 292-225-5975,41,1985-06-19,1119-7433-1286,303920,3716 7035 5363 8819,US36-1445-19749996,Y83179153,Iron Deficiency,A+,Brown,Navy,9544 Maple Circle,622-2465,Sendai,Japan
Heidi Abubakar,heidi_abubakar@tutanota.com,+33 451-290-2176,29,1997-09-01,90927050235,425780,6011 0205 7212 8432,IT66-8755-55559536,T29877222,None,A-,Amber,Blue,3427 Oak Road,14654,Toulouse,France
Priya Huang,priya_huang@protonmail.com,+966 426-559-8926,61,1965-11-18,A56392933,358682,5956 7304 2510 6737,DE35-5761-93889852,S63150694,Asthma,O+,Brown,Maroon,4812 Wellington Place,83721,Dammam,Saudi Arabia
Mia Lima,mial@hotmail.com,+46 385-761-7368,57,1969-06-12,89815567206,235387,6011 1112 7449 7777,CA56-5202-70160101,J52058879,None,O+,Brown,Gold,6476 Main Avenue,94448,Uppsala,Sweden
Ahmed Zhang,azhang@hotmail.com,+81 643-707-8482,45,1981-08-03,4925-6442-4576,190360,6011 7460 5988 3096,ES51-4072-26016634,F47199208,None,O+,Hazel,Black,3294 Bridge Circle,874-5189,Sendai,Japan
Miguel Iyer,miyer@fastmail.com,+966 363-875-1194,33,1993-08-25,C18248663,286943,6011 6813 7267 2922,ES86-3630-62213642,G52554496,Asthma,O+,Brown,Red,4454 Church Boulevard,54105,Dammam,Saudi Arabia
Diego Sokolov,diegos@icloud.com,+234 420-700-8559,62,1964-01-10,F45663760,375890,3741 7916 9778 9250,US68-7867-83073740,Q59696013,None,A+,Hazel,Navy,7327 Market Way,58422,Kaduna,Nigeria
Linda Huang,lhuang@yahoo.com,+966 428-535-7936,28,1998-04-22,R77313030,175301,4012 0396 7432 9510,NL14-7212-49651243,N71999546,None,O+,Hazel,Yellow,4401 Lake Boulevard,50072,Medina,Saudi Arabia
Valentina Walker,vwalker@icloud.com,+234 221-657-5691,40,1986-01-07,U80509013,390162,5517 1073 0774 8226,CA40-9892-70589497,A38537198,Asthma,O+,Brown,Pink,5769 Elm Court,40521,Warri,Nigeria
Valentina Mensah,valentina.mensah@mail.com,+234 181-853-5942,65,1961-01-27,F46564760,409151,5425 5789 6383 6593,AU88-8482-84735374,T47466274,Migraine,O+,Green,Green,3926 Forest Place,66004,Ibadan,Nigeria
Mohammed Schulz,mschulz@hotmail.com,+7 244-946-2397,42,1984-02-13,Z80517933,322819,3787 9715 3777 9133,US38-9553-17710668,N50276203,None,A+,Brown,Gray,3700 Nelson Boulevard,93255,Omsk,Russia
David Kobayashi,dkobayashi@mail.com,+86 801-922-3156,39,1987-07-13,R64272404,137936,5253 1051 6357 5281,CA96-7870-10403774,A70012107,High Cholesterol,A+,Brown,Navy,9398 Mill Court,93944,Shenzhen,China
Mohammed Leroy,mohammed.leroy@outlook.com,+49 463-364-4405,63,1963-08-07,73293021512,60301,5448 2725 1391 9807,US25-1211-46961191,U47010312,None,AB-,Blue,Gray,2405 George Circle,26314,Leipzig,Germany
Richard Osei,rosei@zoho.com,+86 606-185-6248,18,2008-08-24,W15549006,437232,3746 3978 6567 7663,NL69-9915-79876643,O29477615,Sleep Apnea,O-,Brown,Gold,7953 Lake Way,63790,Xian,China
Patricia Rodrigues,prodrigues@gmail.com,+46 355-169-2096,25,2001-03-11,68191907297,33329,5461 3842 5427 9799,AU27-5225-64412102,X97340012,GERD,O+,Green,Purple,3951 River Place,53667,Orebro,Sweden
Thomas Moreau,thomas.moreau38@outlook.com,+82 533-252-8652,43,1983-11-12,B46573590,152705,4669 9895 5974 4892,GB13-7664-52405491,M75414678,None,O+,Brown,Silver,4046 George Drive,54615,Ulsan,South Korea
Lei Ito,leii@fastmail.com,+55 826-357-1361,34,1992-06-11,359.522.946-25,397031,3789 8157 8743 0845,IT64-8566-47402639,L64118609,Seasonal Allergies,O+,Green,White,7745 Main Road,78281,Rio de Janeiro,Brazil
Carlos Mensah,carlos_mensah@gmail.com,+1 297-548-8044,42,1984-05-20,619-55-7575,86193,4625 3037 6334 7744,ES23-1483-77510201,P37474239,Eczema,A+,Brown,Pink,1417 Oak Lane,17497,Philadelphia,United States
Khalid Lewis,khalid.lewis@outlook.com,+1 569-811-4474,35,1991-04-01,200-60-6371,276108,5169 8608 8544 9348,IT15-5149-19752689,D37099471,Eczema,A+,Brown,Orange,8446 Pine Road,49992,Dallas,United States
Svetlana Pham,svetlana.pham89@mail.com,+1 316-341-1140,39,1987-07-12,482-75-5655,233454,5908 1713 5288 3864,ES88-3939-12918452,Y13386031,Anxiety Disorder,O+,Blue,Red,2397 Market Circle,80791,Hamilton,Canada
Anita Miller,anita_miller@hotmail.com,+44 277-790-9050,30,1996-03-08,TK 37 87 51 Z,74811,4466 4740 6435 9568,CA13-9199-37862846,K84720358,None,O+,Hazel,White,1870 Church Place,HU44 1BX,London,United Kingdom
Noah Hoffmann,nhoffmann@yahoo.com,+1 327-562-5511,55,1971-04-22,664-48-5178,298187,3731 1591 5710 9972,IT58-6528-18729157,K26463793,Iron Deficiency,B-,Brown,Yellow,5116 George Boulevard,35945,San Diego,United States
Jean Oliveira,jeano@tutanota.com,+82 594-852-1211,46,1980-07-27,K76249695,43798,5422 0768 2368 8608,NL93-6087-23517486,H26596830,Migraine,AB+,Brown,Red,3985 William Avenue,63777,Seoul,South Korea
Charlotte Kuznetsov,charlotte_kuznetsov@outlook.com,+55 671-576-9689,63,1963-01-26,728.505.605-51,344118,6011 9102 8142 0824,GB63-5222-91691671,M41028001,Iron Deficiency,B+,Gray,Green,5244 Market Lane,43400,Manaus,Brazil
Pierre Okonkwo,pierreo@hotmail.com,+234 226-134-3634,49,1977-03-02,F99068805,290177,3740 7058 9533 6821,CA51-9762-83191970,A28514625,None,A+,Blue,Green,9875 York Circle,93503,Enugu,Nigeria
Thomas Zhou,tzhou@hotmail.com,+966 356-701-5361,49,1977-02-04,K81390086,108323,3762 3865 4527 4585,AU11-9147-64821979,L39495081,None,A+,Blue,White,368 Oak Lane,23516,Medina,Saudi Arabia
Robert Karimi,robert.karimi55@gmail.com,+234 771-957-8468,23,2003-03-28,C44622217,237378,3790 6007 4738 6421,CA94-5967-98506526,B83801189,Anxiety Disorder,AB-,Hazel,Gold,8348 Windsor Street,96236,Warri,Nigeria
Sofia Kumar,skumar@yahoo.com,+86 265-868-1280,54,1972-01-08,J95065685,121786,6011 8828 9484 9026,CA94-8392-80815634,O31970042,None,A+,Brown,Gray,3189 Cedar Street,20006,Beijing,China
Sunita Pereira,sunita.pereira11@hotmail.com,+86 987-613-3492,18,2008-06-11,N30633777,276834,6011 9847 4990 6104,JP45-2522-95544563,A56884702,Seasonal Allergies,O+,Brown,Purple,1360 Windsor Way,27776,Chengdu,China
Anita Smirnov,anita.smirnov1@yahoo.com,+966 905-455-4024,56,1970-08-15,Z88397177,124320,6011 9908 3668 5192,NL17-5003-93828021,Q75916964,Arthritis,O-,Hazel,White,5900 Wellington Circle,36476,Medina,Saudi Arabia
Ahmed Karimi,ahmed.karimi42@protonmail.com,+81 443-824-9299,20,2006-05-14,7078-8515-4443,354553,3718 1075 5838 8837,IT23-7075-60501226,N59265171,None,A-,Brown,Purple,2103 Cedar Road,866-6682,Hiroshima,Japan
Juan Nasser,juann@tutanota.com,+31 540-631-1474,54,1972-06-15,85903116818,73893,5522 4109 5157 0158,JP32-9016-41521358,X70801455,None,O+,Blue,Pink,9429 Maple Road,15052,Maastricht,Netherlands
Charlotte Haddad,charlotte_haddad@mail.com,+234 746-613-2795,37,1989-09-22,M91300668,446345,6011 7243 2977 4565,FR32-7595-57537177,P54964367,Anxiety Disorder,A+,Brown,Navy,1092 Maple Way,71956,Abuja,Nigeria
Mary Reddy,mary.reddy96@mail.com,+49 183-228-2186,49,1977-01-08,66460123750,19758,6011 1610 7281 7703,IT88-6999-28280555,M48748859,None,A+,Brown,Pink,4968 Lincoln Street,59889,Dusseldorf,Germany
Ivan Hoffmann,ihoffmann@outlook.com,+1 910-124-4067,52,1974-06-04,168-59-3222,325640,5097 2351 7630 7950,ES43-2284-39208702,D47836376,None,O-,Green,Green,2133 Lake Place,23089,Toronto,Canada
Michael Mensah,michael.mensah84@fastmail.com,+234 921-721-7517,32,1994-06-09,Z95108795,63201,3765 8311 9195 8286,ES26-2323-46508660,B10856072,Eczema,A+,Brown,Black,695 William Street,67385,Abuja,Nigeria
Dmitri Traore,dmitri.traore35@gmail.com,+82 636-573-1058,50,1976-01-21,P48615190,198888,6011 1103 6088 3659,GB50-7891-93406838,W92688450,None,A+,Brown,Gray,728 George Street,56404,Changwon,South Korea
Sunita Pereira,spereira@protonmail.com,+7 396-991-1095,24,2002-06-03,J61738568,413445,6011 0879 2904 6564,CA49-4092-20682137,X86250343,Arthritis,A+,Gray,Green,9075 River Boulevard,30288,Yekaterinburg,Russia
Luis Brown,luisb@yahoo.com,+49 350-610-3503,49,1977-01-18,36822371766,23851,6011 9646 5012 2714,AU50-2554-83614381,N15079443,None,A+,Hazel,Gold,3063 Station Avenue,33658,Dresden,Germany
Elizabeth Al-Rashid,elizabeth_alrashid@protonmail.com,+86 803-344-4290,29,1997-12-15,H51499643,234736,6011 8867 8631 6331,IT70-4305-22661928,X87299903,None,O+,Brown,Navy,293 Oak Way,80177,Nanjing,China
Hans Novikov,hans.novikov@gmail.com,+52 968-382-4315,62,1964-08-06,368.257.546-35,52098,3761 4058 3816 2394,ES80-8330-80147285,D71337348,None,A+,Brown,Green,8234 York Avenue,38081,Queretaro,Mexico
Greta Almeida,greta_almeida@tutanota.com,+46 399-228-1906,65,1961-09-07,76811923559,84386,5235 6400 2835 8356,DE74-8709-49475352,M53430109,Hypothyroidism,O+,Brown,Pink,1257 River Avenue,29978,Norrkoping,Sweden
Wei Chen,wei.chen96@fastmail.com,+39 540-654-6143,40,1986-03-18,73845207325,235150,6011 3734 8544 5613,FR66-5387-93508988,H85963550,Hypertension,AB+,Brown,Orange,7976 Church Lane,54764,Florence,Italy
Priya Santos,priya.santos73@fastmail.com,+82 153-236-4525,25,2001-10-11,F39578638,335451,4873 7585 1308 0610,GB24-3701-62022606,N67452616,Sleep Apnea,A+,Brown,Orange,7454 Elm Street,51102,Suwon,South Korea
John Fischer,jfischer@fastmail.com,+61 809-267-7278,60,1966-02-22,I53718655,279439,4463 4270 8725 1086,JP54-8509-82041548,P27004382,None,O+,Blue,Gold,6273 Lincoln Lane,18248,Brisbane,Australia
Sophie Pereira,sophie_pereira@gmail.com,+234 862-481-5656,19,2007-03-12,M63689210,246071,5919 4978 6862 3789,AU96-4891-99152016,Z99256826,None,A+,Brown,Orange,6608 George Drive,71306,Benin City,Nigeria
Hugo Zhou,hugo.zhou39@icloud.com,+234 710-830-2956,41,1985-08-19,W80246054,394296,3730 5298 8102 7507,NL23-1731-48638107,N34464508,Arthritis,A+,Blue,Blue,6243 Lincoln Way,89373,Zaria,Nigeria
Ahmed Wagner,ahmed_wagner@protonmail.com,+31 405-293-3703,51,1975-10-27,16243881743,31797,5226 1665 6162 1734,AU61-3069-16620739,S86715981,Asthma,B+,Brown,Blue,4926 Lake Lane,96528,Maastricht,Netherlands
Camille Karimi,camille_karimi@hotmail.com,+61 318-182-1449,30,1996-08-06,C17936636,176424,4537 5418 6276 0066,FR36-3927-46376357,V88900021,GERD,O+,Brown,Gold,5925 Mill Road,51177,Newcastle,Australia
Rashid Thomas,rashidt@protonmail.com,+44 522-328-5900,44,1982-05-24,TS 88 91 25 R,424764,3744 6167 7334 3192,GB62-3864-91341102,H61603565,None,O-,Blue,Navy,5054 Oxford Court,BD24 1BY,Edinburgh,United Kingdom
Takeshi Davis,takeshi_davis@tutanota.com,+61 183-874-5436,55,1971-06-06,L63761987,57487,6011 5912 2816 4185,IT59-1938-94931490,Q41238132,None,O+,Brown,Silver,4602 Maple Circle,59056,Darwin,Australia
Juan Hosseini,juanh@zoho.com,+61 617-235-9245,23,2003-04-23,F78626571,184841,4305 1302 4136 0222,CA14-2252-90072336,T87552278,Asthma,O+,Blue,Silver,5547 Maple Avenue,82391,Hobart,Australia
Zainab Schneider,zainab_schneider@zoho.com,+966 103-152-1178,19,2007-07-24,R13425609,349789,5917 7628 1467 8521,NL28-8876-95748233,X11459534,None,O+,Brown,Yellow,3802 Maple Street,44737,Tabuk,Saudi Arabia
Khadija Bakhtiari,kbakhtiari@outlook.com,+1 386-289-5045,57,1969-05-23,288-98-2172,92342,5146 1630 7679 3128,JP15-2602-11581412,S72168613,Migraine,O+,Brown,Pink,397 Station Avenue,26700,Vancouver,Canada
Ali Reddy,ali.reddy@hotmail.com,+33 363-915-6418,63,1963-07-11,28586003821,448408,3743 6203 1292 1734,JP52-9973-84196722,C38671585,Eczema,O+,Hazel,Pink,8356 Nelson Street,56180,Nantes,France
Jessica Sato,jsato@gmail.com,+34 652-108-8082,60,1966-09-26,12656654361,124536,3782 8447 3725 0167,CA37-8097-10530666,E51031930,None,O-,Blue,Teal,330 Church Drive,82754,Granada,Spain
Huda Ahmadi,hahmadi@zoho.com,+39 408-265-1604,40,1986-12-09,10235242601,337776,5438 0991 7741 0717,US43-6511-28696557,R62499713,High Cholesterol,A+,Brown,Yellow,8282 William Road,28265,Milan,Italy
Amit Tran,amit_tran@protonmail.com,+55 101-671-3736,20,2006-05-27,406.294.907-64,87357,5148 8568 1084 7777,CA44-9378-28217216,I41455925,Iron Deficiency,B-,Brown,Maroon,1133 Lincoln Avenue,64828,Manaus,Brazil
Arjun Li,arjunl@mail.com,+86 960-307-9459,35,1991-10-11,H10974665,92082,5245 5645 6053 0087,IT18-8509-43544011,D63337637,None,O+,Brown,Gray,5380 Forest Boulevard,81108,Tianjin,China
Zainab Lima,zainabl@gmail.com,+81 936-567-5589,40,1986-03-01,2066-1398-9065,33243,5252 9250 6633 1021,AU88-5507-46684099,A50072514,Asthma,A+,Blue,Green,7774 Park Lane,254-6801,Fukuoka,Japan
Lea Osei,lea_osei@yahoo.com,+39 113-272-3699,40,1986-07-11,33988011906,376445,5714 2505 5693 4138,GB70-7921-18558577,P35396381,Iron Deficiency,A+,Blue,Blue,9112 Cedar Court,75277,Palermo,Italy
Luc Johnson,ljohnson@gmail.com,+39 957-731-4539,41,1985-01-13,18107471554,28305,6011 9282 4939 3089,NL35-8069-52948101,X19875157,Depression,O+,Brown,Silver,3183 Albert Road,13771,Rome,Italy
Khadija Mansour,khadija.mansour@tutanota.com,+81 913-733-6477,51,1975-04-04,6168-1994-3974,251134,6011 9763 7773 6117,ES45-6050-42363056,K96411378,Arthritis,O+,Brown,Gold,3709 High Court,593-7419,Sapporo,Japan
Harper Reddy,harperr@zoho.com,+31 855-486-9306,37,1989-06-21,20348696471,246997,3764 0611 6587 4448,NL19-6268-16507218,E31839162,None,A+,Brown,Green,2466 Oak Boulevard,42187,Utrecht,Netherlands
Maryam Yamamoto,maryam_yamamoto@hotmail.com,+39 829-626-4435,23,2003-07-11,93375654471,73153,5657 0409 2246 7627,DE88-8826-99353723,E77118258,Hypothyroidism,O+,Brown,Teal,2155 York Way,90903,Naples,Italy
Luc Sato,lucs@zoho.com,+1 604-909-2958,23,2003-05-01,938-96-5124,310776,6011 1856 2510 0726,CA67-6772-84796839,M82804212,None,A+,Brown,Gold,6941 York Way,68181,Ottawa,Canada
Sophie Schneider,sophie.schneider@mail.com,+49 517-406-8712,23,2003-09-16,38220177962,369978,4678 9514 2698 0493,DE72-9509-77351071,Z39079921,Anxiety Disorder,A+,Gray,Teal,4565 Main Road,59406,Stuttgart,Germany
John Hosseini,john.hosseini98@outlook.com,+81 303-646-5425,56,1970-06-17,8951-3657-4090,397293,4859 0212 6512 8538,US33-3721-72007417,B86598335,None,A-,Brown,Green,1097 Cambridge Circle,418-8953,Kyoto,Japan
Lucas Nielsen,lnielsen@fastmail.com,+46 277-653-5685,42,1984-04-11,16563855396,440566,5004 3293 5145 4295,ES23-7396-92879158,C74938368,Depression,O+,Brown,White,3396 William Boulevard,31125,Stockholm,Sweden
Otto Moore,otto.moore48@yahoo.com,+1 352-768-1529,37,1989-11-14,161-43-7583,288917,4748 9832 8303 9684,FR58-4573-46374288,J40024135,None,B+,Brown,Pink,5758 Church Road,23078,Vancouver,Canada
Robert Smith,robert.smith56@yahoo.com,+86 380-400-3908,26,2000-02-18,R37374921,428444,3735 4634 0862 0869,JP72-2631-77650372,A76108103,None,A+,Amber,Orange,1227 River Street,78660,Chengdu,China
Olga Tran,olgat@mail.com,+1 458-827-9630,23,2003-04-15,791-90-1752,193498,6011 6444 8825 8050,US96-9959-17459622,C17910256,Sleep Apnea,AB-,Brown,Pink,1207 Wellington Boulevard,79369,Ottawa,Canada
Xiu Petrov,xiu_petrov@hotmail.com,+91 392-837-5974,39,1987-11-17,7902 7221 7434,134982,3736 1644 9796 8465,JP55-1191-75985271,T55044793,GERD,A+,Brown,Orange,4069 Wellington Boulevard,49880,Jaipur,India
Alexei Souza,asouza@mail.com,+33 783-501-6012,42,1984-06-23,40852418321,239536,4528 9192 2844 6698,ES14-7922-36114842,T98908822,Type 2 Diabetes,AB+,Brown,Teal,3395 Oxford Way,53070,Nantes,France
Alexei Harris,alexei.harris@gmail.com,+966 678-663-1318,60,1966-04-07,B39591246,275131,5810 5615 6544 6864,US80-2694-14538579,W11926349,Arthritis,A+,Blue,Green,2736 Church Place,29059,Jeddah,Saudi Arabia
Yusuf Almeida,yusuf_almeida@gmail.com,+27 625-576-9411,49,1977-05-01,J61858606,186480,5171 6028 7488 0817,JP55-6445-89796536,I67745632,None,A+,Brown,Gold,5479 Church Way,85257,Nelspruit,South Africa
Ivan Liu,ivan.liu13@tutanota.com,+61 154-704-5466,23,2003-04-16,L47592207,116002,4382 4889 0606 6977,IT31-3045-90934078,W11088908,None,O+,Green,Blue,3762 Lake Circle,39391,Gold Coast,Australia
Pierre Wagner,pierre.wagner25@yahoo.com,+27 466-397-3333,44,1982-07-09,K87660744,35995,3708 0029 8547 2719,US69-2659-12522810,H95937364,Type 2 Diabetes,A-,Brown,Teal,1261 Pine Avenue,49377,Pretoria,South Africa
Raj Brown,raj_brown@hotmail.com,+34 682-743-2244,37,1989-06-17,30872539963,49060,3782 9259 6059 4893,FR86-1185-53704853,E91965535,None,O+,Gray,Yellow,4918 Cedar Boulevard,58558,Bilbao,Spain
Charles Ahmadi,charlesa@gmail.com,+44 798-190-3586,63,1963-10-25,RK 63 52 53 Y,31385,3703 9367 2398 2431,JP28-7575-68801533,K73308705,GERD,B+,Brown,Red,1669 Lake Place,EN19 2BL,Birmingham,United Kingdom
Emma Abbas,emma_abbas@tutanota.com,+49 684-830-8834,18,2008-07-10,68634864395,376195,3760 4806 9334 0398,GB87-9476-25902778,F30141186,Seasonal Allergies,O-,Brown,White,7053 Market Way,93636,Cologne,Germany
Richard Smirnov,richard.smirnov@mail.com,+49 150-146-8720,50,1976-12-16,79478116264,149362,4582 1652 7575 3379,AU71-6177-34559524,O38060176,None,O+,Brown,White,923 Mill Way,84764,Frankfurt,Germany
Layla Rao,laylar@fastmail.com,+55 860-603-7690,39,1987-01-11,585.297.466-37,258611,6011 4397 0398 8529,CA64-7452-90787710,Z92760288,Seasonal Allergies,A-,Blue,Orange,7914 Lake Way,96965,Salvador,Brazil
Ali Costa,acosta@fastmail.com,+91 846-359-5838,63,1963-11-13,2446 8343 2893,319696,5077 0579 0444 2694,CA13-8642-92532363,D20678477,Sleep Apnea,A-,Blue,Green,3759 King Street,94641,Jaipur,India
Jing Iyer,jiyer@mail.com,+39 770-235-8192,63,1963-08-23,34684938949,82084,4665 2324 6414 5543,AU44-2233-57439471,E36739155,Migraine,O+,Blue,Gold,9417 Oak Boulevard,43965,Venice,Italy
Yusuf Osei,yusuf.osei@outlook.com,+1 244-306-2939,45,1981-09-16,537-33-8017,89734,4753 0600 2437 4471,DE91-2789-94245011,O21563099,Iron Deficiency,O+,Blue,Blue,2664 Forest Place,13702,Vancouver,Canada
Boris Weber,bweber@tutanota.com,+7 639-365-2279,34,1992-06-20,Q16030307,85450,4894 2023 8717 4423,NL71-5144-71858877,F48948173,Hypertension,B-,Brown,Green,8601 King Lane,83457,Samara,Russia
Miguel Nakamura,mnakamura@fastmail.com,+1 905-465-1734,50,1976-02-16,385-36-8928,432685,3704 2306 9669 3541,NL72-7805-37465905,I62464296,Depression,A+,Brown,Navy,9925 William Circle,23624,Los Angeles,United States
Khalid Zhang,khalid.zhang34@gmail.com,+27 289-643-5109,64,1962-02-16,X81471668,64314,6011 5428 1353 5082,CA87-9559-96244434,U54619224,None,A+,Brown,Yellow,8199 Park Court,54429,Nelspruit,South Africa
Sota Mensah,sota.mensah@protonmail.com,+7 167-980-4101,36,1990-10-20,U32337220,246924,3795 6744 2436 8676,AU47-8196-80736453,M72345231,GERD,A-,Hazel,Green,5826 Forest Court,50664,Yekaterinburg,Russia
Ava Lewis,ava.lewis@yahoo.com,+81 949-993-1183,26,2000-05-01,8268-2761-3603,417504,3794 3954 1164 0681,JP94-9321-97618239,Z77904801,Migraine,O-,Green,Pink,4606 Churchill Way,755-6772,Nagoya,Japan
Sota Thomas,sthomas@zoho.com,+61 325-851-6760,64,1962-03-23,L61358667,364760,6011 8035 2024 4962,NL99-1964-17780564,G79641813,None,O+,Brown,Purple,117 Pine Place,21845,Brisbane,Australia
Robert Popov,rpopov@mail.com,+27 185-639-5995,18,2008-02-07,U52657266,437063,3792 4252 4398 3051,US65-5932-66613107,Y88175291,Iron Deficiency,A+,Brown,Navy,4848 River Place,67447,Durban,South Africa
